Final Item,Profit Margin (%),Profit (c),Revenue (c),Cost (c),Num Listings,Main Component
Xoph's Breachstone,-99,-698,2,700,455,100x Splinter of Xoph
Orb of Transmutation,-99,-19,0,20,331,
Esh's Breachstone,-99,-699,1,700,283,100x Splinter of Esh
Tul's Breachstone,-99,-498,2,500,389,100x Splinter of Tul
Harbinger's Orb,-98,-197,3,200,233,20x Harbinger's Shard
Engineer's Orb,-98,-19,0,20,258,
Splinter of Uul-Netol,-98,-14,0,15,189,5x The Puzzle
Orb of Alchemy,-98,-19,0,20,680,
Orb of Fusing,-98,-14,0,15,1222,5x Loyalty
Chromatic Orb,-98,-8,0,9,595,1x The Heroic Shot
Regal Orb,-98,-19,0,20,508,
Orb of Regret,-97,-19,0,20,787,10x The Innocent
Orb of Horizons,-97,-19,0,20,491,
Orb of Fusing,-97,-6,0,7,1222,7x Lucky Connections
Orb of Scouring,-97,-17,0,18,467,9x No Traces
Fairgraves' Tricorne,-97,-39,1,40,630,8x Baited Expectations
Slitherpinch,-97,-39,1,40,669,8x Baited Expectations
Orb of Annulment,-97,-195,5,200,466,20x Annulment Shard
Orb of Binding,-97,-19,0,20,307,
Ancient Orb,-96,-193,6,200,350,20x Ancient Shard
Regal Orb,-96,-8,0,9,508,9x Coveted Possession
Rusted Cartography Scarab,-95,-19,1,20,606,5x The Deal
Chaos Orb,-95,-19,1,20,0,
Cartographer's Chisel,-95,-4,0,5,614,1x The Cartographer
Shrieking Essence of Misery,-94,-17,1,18,310,9x Harmony of Souls
Shrieking Essence of Anguish,-94,-17,1,18,402,9x Harmony of Souls
Shrieking Essence of Doubt,-94,-17,1,18,407,9x Harmony of Souls
Shrieking Essence of Suffering,-94,-17,1,18,361,9x Harmony of Souls
Vaal Orb,-94,-14,0,15,447,3x The Catalyst
Shrieking Essence of Torment,-94,-17,1,18,188,9x Harmony of Souls
Gemcutter's Prism,-93,-14,1,15,748,3x The Gemcutter
Splinter of Chayula,-93,-14,1,15,290,5x The Puzzle
Chaos Orb,-93,-15,1,16,0,8x The Wrath
Watcher's Eye,-92,-630,54,684,2039,3x The Samurai's Eye
The Writhing Jar,-92,-37,3,40,333,8x Baited Expectations
Orb of Alchemy,-92,-2,0,3,680,3x The Survivalist
Gemcutter's Prism,-92,-13,1,14,748,7x The Union
Sacrifice at Dusk,-92,-3,0,4,684,4x Her Mask
Midnight Bargain,-91,-11,1,12,318,12x The Lich
Sacrifice at Dawn,-91,-3,0,4,573,4x Her Mask
Offering to the Goddess,-91,-5,0,6,866,6x Boon of Justice
Orb of Regret,-91,-4,0,5,787,5x Vinia's Token
Polished Cartography Scarab,-90,-18,2,20,189,5x The Deal
Rusted Metamorph Scarab,-90,-18,2,20,875,2x Cameria's Cut
Rainbowstride,-90,-36,4,40,381,8x Baited Expectations
Polished Metamorph Scarab,-90,-18,2,20,257,2x Cameria's Cut
Exalted Orb,-89,-1247,141,1389,178,7x Alluring Bounty
Stacked Deck,-89,-24,2,27,1140,9x Lucky Deck
Doedre's Scorn,-88,-8,1,9,693,9x Doedre's Madness
Shrieking Essence of Spite,-88,-16,2,18,97,9x Harmony of Souls
Shrieking Essence of Fear,-88,-16,2,18,172,9x Harmony of Souls
Shrieking Essence of Scorn,-88,-16,2,18,96,9x Harmony of Souls
Doedre's Skin,-88,-8,1,9,83,9x Doedre's Madness
Lifesprig,-88,-8,1,9,1710,9x The Hermit
Shrieking Essence of Hatred,-88,-16,2,18,161,9x Harmony of Souls
Doedre's Elixir,-88,-8,1,9,989,9x Doedre's Madness
Doedre's Tenure,-88,-8,1,9,785,9x Doedre's Madness
Orb of Annulment,-88,-40,5,45,466,9x The Seeker
Shrieking Essence of Dread,-88,-16,2,18,164,9x Harmony of Souls
Chaos Orb,-88,-8,1,9,0,1x Chaotic Disposition
Wake of Destruction,-88,-8,1,9,717,9x The Scarred Meadow
Shrieking Essence of Rage,-88,-16,2,18,132,9x Harmony of Souls
Shrieking Essence of Contempt,-88,-16,2,18,132,9x Harmony of Souls
Shrieking Essence of Anger,-88,-16,2,18,186,9x Harmony of Souls
Gilded Reliquary Scarab,-88,-17,2,20,121,2x Cameria's Cut
Shrieking Essence of Envy,-88,-16,2,18,99,9x Harmony of Souls
Shrieking Essence of Wrath,-88,-16,2,18,123,9x Harmony of Souls
Deafening Essence of Suffering,-87,-7,1,8,612,8x The Cacophony
Deafening Essence of Torment,-87,-7,1,8,419,8x The Cacophony
Sacrifice at Noon,-87,-3,0,4,404,4x Her Mask
Deafening Essence of Anguish,-87,-7,1,8,448,8x The Cacophony
Chaos Orb,-87,-7,1,8,0,8x Rain of Chaos
Kiara's Determination,-87,-7,1,8,709,8x The Witch
Lightning Coil,-87,-7,1,8,250,8x The Coming Storm
Deafening Essence of Doubt,-87,-7,1,8,905,8x The Cacophony
Timeless Eternal Emblem,-86,-43,7,50,63,100x Timeless Eternal Empire Splinter
Divine Orb,-86,-95,14,110,508,11x The Sephirot
Rusted Sulphite Scarab,-85,-17,3,20,1217,2x Cameria's Cut
Rise of the Phoenix,-85,-6,1,7,476,7x The Sun
Meginord's Girdle,-85,-6,1,7,1179,7x The Ruthless Ceinture
Vaal Orb,-85,-5,0,6,447,6x The Inventor
Chaos Orb,-85,-6,1,7,0,7x Three Faces in the Dark
The Whispering Ice,-85,-6,1,7,459,7x The Siren
Timeless Karui Emblem,-84,-42,8,50,119,100x Timeless Karui Splinter
Orb of Scouring,-84,-2,0,3,467,1x Erased from Memory
Crown of Eyes,-83,-10,2,12,586,12x The Watcher
Lioneye's Vision,-83,-5,1,6,256,6x The Visionary
Shrieking Essence of Zeal,-83,-15,3,18,64,9x Harmony of Souls
Simple Sextant,-83,-2,0,3,504,3x Monochrome
Shrieking Essence of Sorrow,-83,-15,3,18,92,9x Harmony of Souls
Shrieking Essence of Greed,-83,-15,3,18,133,9x Harmony of Souls
Death's Oath,-83,-5,1,6,331,6x The Oath
Wailing Essence of Greed,-83,-5,1,6,244,3x Weeping Essence of Greed
Rigwald's Quills,-82,-282,60,342,49,9x Etched in Blood
Rusted Sulphite Scarab,-80,-12,3,15,1217,3x Buried Treasure
Death's Hand,-80,-4,1,5,186,5x The Demoness
Sire of Shards,-80,-4,1,5,509,5x The Lunaris Priestess
Gluttony,-80,-4,1,5,561,5x Thirst for Knowledge
Jeweller's Orb,-80,0,0,0,886,1x Orb of Fusing
Obliteration,-80,-4,1,5,1122,5x Dark Temptation
Lori's Lantern,-80,-4,1,5,1224,5x Hope
Skin of the Loyal,-80,-103,25,128,289,4x The Price of Loyalty
Storm Cloud,-80,-4,1,5,599,5x Thunderous Skies
Orb of Fusing,-79,0,0,1,1222,1x The God of Misfortune
Orb of Fusing,-79,0,0,1,1222,1x Reforged Bonds
Orb of Alchemy,-78,0,0,1,680,1x The Alchemist
Trypanon,-77,-7,2,9,18,9x Might is Right
Shrieking Essence of Woe,-77,-14,4,18,401,9x Harmony of Souls
Uul-Netol's Breachstone,-76,-23,7,30,80,100x Splinter of Uul-Netol
Timeless Vaal Emblem,-76,-38,12,50,65,100x Timeless Vaal Splinter
Gilded Bestiary Scarab,-75,-15,5,20,171,2x Cameria's Cut
Mon'tregul's Grasp,-75,-3,1,4,588,4x Death
Deafening Essence of Hatred,-75,-6,2,8,258,8x The Cacophony
Awakened Sextant,-75,-6,2,8,860,4x Underground Forest
Balefire,-75,-3,1,4,336,4x Forbidden Power
Shrieking Essence of Sorrow,-75,-9,3,12,92,3x Screaming Essence of Sorrow
Rat's Nest,-75,-6,2,8,283,8x Rats
Belt of the Deceiver,-75,-3,1,4,1390,4x The Deceiver
Gilded Metamorph Scarab,-75,-15,5,20,224,2x Cameria's Cut
Gilded Cartography Scarab,-75,-15,5,20,216,5x The Deal
Gilded Ambush Scarab,-75,-15,5,20,107,2x Cameria's Cut
Deafening Essence of Misery,-75,-6,2,8,254,8x The Cacophony
Sacrifice at Midnight,-75,-3,1,4,728,4x Her Mask
Deafening Essence of Dread,-75,-6,2,8,132,8x The Cacophony
Polished Sulphite Scarab,-75,-15,5,20,631,2x Cameria's Cut
The Whispering Ice,-75,-3,1,4,459,4x The Incantation
Coruscating Elixir,-75,-3,1,4,359,4x The Dragon
Shrieking Essence of Loathing,-72,-13,5,18,66,9x Harmony of Souls
Umbilicus Immortalis,-71,-5,2,7,60,7x The Forsaken
Fidelitas' Spike,-71,-15,6,21,2308,3x Echoes of Love
Shrieking Essence of Zeal,-71,-7,3,10,64,3x Screaming Essence of Zeal
Timeless Templar Emblem,-70,-141,59,200,161,100x Timeless Templar Splinter
Eyes of the Greatwolf,-68,-110,50,160,198,16x Mawr Blaidd
Sacrifice at Dusk,-68,0,0,1,684,1x Day of Sacrifice III
Verdant Oil,-68,-1,0,1,450,3x Amber Oil
Exalted Orb,-67,-288,141,430,178,5x Abandoned Wealth
Pacifism,-66,-2,1,3,1601,3x Turn the Other Cheek
Wailing Essence of Hatred,-66,-2,1,3,267,3x Weeping Essence of Hatred
Wailing Essence of Sorrow,-66,-2,1,3,235,3x Weeping Essence of Sorrow
Doedre's Damning,-66,-6,3,9,1189,9x Doedre's Madness
Wailing Essence of Suffering,-66,-2,1,3,253,3x Weeping Essence of Suffering
Wailing Essence of Torment,-66,-2,1,3,252,3x Weeping Essence of Torment
Polished Sulphite Scarab,-66,-10,5,15,631,3x Buried Treasure
Wailing Essence of Woe,-66,-2,1,3,203,3x Weeping Essence of Woe
Wailing Essence of Wrath,-66,-2,1,3,255,3x Weeping Essence of Wrath
Deafening Essence of Hatred,-66,-4,2,6,258,3x Shrieking Essence of Hatred
Azure Oil,-66,-2,1,3,345,3x Teal Oil
Wailing Essence of Rage,-66,-2,1,3,243,3x Weeping Essence of Rage
Hyaon's Fury,-66,-2,1,3,443,3x The Wolf's Shadow
Screaming Essence of Woe,-66,-2,1,3,313,3x Wailing Essence of Woe
Prime Sextant,-66,-2,1,3,704,3x Monochrome
Muttering Essence of Contempt,-66,-2,1,3,119,3x Whispering Essence of Contempt
Muttering Essence of Greed,-66,-2,1,3,182,3x Whispering Essence of Greed
Muttering Essence of Hatred,-66,-2,1,3,177,3x Whispering Essence of Hatred
Shrieking Essence of Torment,-66,-2,1,3,188,3x Screaming Essence of Torment
Muttering Essence of Woe,-66,-2,1,3,177,3x Whispering Essence of Woe
Weeping Essence of Woe,-66,-2,1,3,216,3x Muttering Essence of Woe
Deafening Essence of Torment,-66,-2,1,3,419,3x Shrieking Essence of Torment
Weeping Essence of Torment,-66,-2,1,3,137,3x Muttering Essence of Torment
Weeping Essence of Sorrow,-66,-2,1,3,198,3x Muttering Essence of Sorrow
Deafening Essence of Suffering,-66,-2,1,3,612,3x Shrieking Essence of Suffering
Weeping Essence of Hatred,-66,-2,1,3,238,3x Muttering Essence of Hatred
Weeping Essence of Fear,-66,-2,1,3,210,3x Muttering Essence of Fear
Weeping Essence of Contempt,-66,-2,1,3,212,3x Muttering Essence of Contempt
Weeping Essence of Anger,-66,-2,1,3,141,3x Muttering Essence of Anger
Shrieking Essence of Suffering,-66,-2,1,3,361,3x Screaming Essence of Suffering
Prismweave,-66,-2,1,3,1435,3x The Standoff
Shrieking Essence of Doubt,-66,-2,1,3,407,3x Screaming Essence of Doubt
Screaming Essence of Wrath,-66,-2,1,3,286,3x Wailing Essence of Wrath
Screaming Essence of Torment,-66,-2,1,3,479,3x Wailing Essence of Torment
Screaming Essence of Suffering,-66,-2,1,3,502,3x Wailing Essence of Suffering
Sepia Oil,-66,-1,0,1,411,3x Clear Oil
Screaming Essence of Spite,-66,-2,1,3,245,3x Wailing Essence of Spite
Screaming Essence of Rage,-66,-2,1,3,402,3x Wailing Essence of Rage
Screaming Essence of Hatred,-66,-2,1,3,317,3x Wailing Essence of Hatred
Screaming Essence of Fear,-66,-2,1,3,318,3x Wailing Essence of Fear
Screaming Essence of Doubt,-66,-2,1,3,488,3x Wailing Essence of Doubt
Screaming Essence of Contempt,-66,-2,1,3,298,3x Wailing Essence of Contempt
Sepia Oil,-66,-1,0,1,411,3x Clear Oil
Screaming Essence of Anguish,-66,-2,1,3,474,3x Wailing Essence of Anguish
Screaming Essence of Anger,-66,-2,1,3,310,3x Wailing Essence of Anger
Severed in Sleep,-66,-4,2,6,53,6x The Darkest Dream
Deafening Essence of Dread,-66,-4,2,6,132,3x Shrieking Essence of Dread
Shrieking Essence of Misery,-66,-2,1,3,310,3x Screaming Essence of Misery
Deafening Essence of Anguish,-66,-2,1,3,448,3x Shrieking Essence of Anguish
Deafening Essence of Doubt,-66,-2,1,3,905,3x Shrieking Essence of Doubt
Shrieking Essence of Anguish,-66,-2,1,3,402,3x Screaming Essence of Anguish
Wailing Essence of Doubt,-66,-2,1,3,247,3x Weeping Essence of Doubt
Violet Oil,-66,-2,1,3,344,3x Azure Oil
Splinter of Tul,-66,-10,5,15,474,5x The Puzzle
Regal Orb,-66,0,0,1,508,1x A Regal Death
Wailing Essence of Contempt,-66,-2,1,3,208,3x Weeping Essence of Contempt
Black Oil,-66,-6,3,9,346,3x Crimson Oil
Wailing Essence of Anger,-66,-2,1,3,245,3x Weeping Essence of Anger
Wailing Essence of Fear,-66,-2,1,3,245,3x Weeping Essence of Fear
Sacrifice at Dawn,-65,0,0,1,573,1x Day of Sacrifice I
Amber Oil,-64,0,0,1,488,3x Sepia Oil
Shrieking Essence of Greed,-64,-5,3,8,133,3x Screaming Essence of Greed
Deafening Essence of Anger,-62,-5,3,8,321,8x The Cacophony
Deafening Essence of Wrath,-62,-5,3,8,94,8x The Cacophony
Kaom's Heart,-62,-25,15,40,632,8x Pride Before the Fall
Voltaxic Rift,-61,-8,5,13,274,13x Anarchy's Price
Ancient Doom,-60,-3,2,5,375,5x Vile Power
Deafening Essence of Woe,-58,-7,5,12,97,3x Shrieking Essence of Woe
Mj√∂lner,-58,-14,10,24,252,12x The Avenger
Daresso's Salute,-57,-4,3,7,557,7x The Sword King's Salute
Esh's Visage,-57,-4,3,7,172,1x Esh's Mirror
Shavronne's Revelation,-56,-9,7,16,43,8x The Thaumaturgist
Voidforge,-55,-25,20,45,235,9x The Endless Darkness
Fenumus' Weave,-55,-10,8,19,85,1x Fenumal Hybrid Arachnid
Gilded Sulphite Scarab,-55,-11,9,20,190,2x Cameria's Cut
Doryani's Fist,-55,-5,4,9,178,9x The Conduit
The Harvest,-54,-6,5,11,60,11x The Harvester
Shrieking Essence of Loathing,-54,-5,5,10,66,3x Screaming Essence of Loathing
Splinter of Esh,-53,-8,7,15,474,5x The Puzzle
Splinter of Xoph,-53,-8,7,15,454,5x The Puzzle
Craiceann's Carapace,-53,-7,6,14,42,1x Craicic Spider Crab
Skin of the Lords,-50,-20,20,40,334,1x Skin of the Loyal
Belly of the Beast,-50,-3,3,6,393,6x The Beast
Deafening Essence of Anger,-50,-3,3,6,321,3x Shrieking Essence of Anger
Deafening Essence of Wrath,-50,-3,3,6,94,3x Shrieking Essence of Wrath
Deafening Essence of Fear,-50,-4,4,8,106,8x The Cacophony
Gilded Breach Scarab,-50,-10,10,20,80,2x Cameria's Cut
Nycta's Lantern,-50,-1,1,2,574,2x Light and Truth
Deafening Essence of Scorn,-50,-4,4,8,72,8x The Cacophony
Chin Sol,-50,-3,3,6,913,6x The Blazing Fire
Sacrifice at Noon,-50,0,0,1,404,1x Day of Sacrifice II
Chayula's Breachstone,-50,-50,50,100,291,100x Splinter of Chayula
The Supreme Truth,-50,-1,1,2,175,2x Light and Truth
Fertile Mind,-50,-3,3,6,1975,6x A Mother's Parting Gift
Bloodbond,-50,-3,3,6,720,6x The Army of Blood
Thirst for Horrors,-50,-1,1,2,10,1x Mouth of Horrors
Timeless Maraketh Emblem,-50,-100,100,200,100,100x Timeless Maraketh Splinter
Exalted Orb,-49,-141,141,283,178,10x The Saint's Treasure
Fenumus' Spinnerets,-47,-9,10,19,53,1x Fenumal Hybrid Arachnid
Fragment of Terror,-47,-36,40,76,78,4x The Eldritch Decay
Varunastra,-46,-4,5,9,85,7x The Formless Sea
Pledge of Hands,-44,-4,5,9,89,9x The Pact
Hyrri's Demise,-42,-12,16,28,121,1x A Dishonourable Death
The Bringer of Rain,-40,-2,3,5,607,5x The Gladiator
Drillneck,-40,-2,3,5,562,5x The Fletcher
Romira's Banquet,-40,-2,3,5,1590,5x The Feast
Gilded Sulphite Scarab,-40,-6,9,15,190,3x Buried Treasure
Deafening Essence of Greed,-38,-3,5,9,59,3x Shrieking Essence of Greed
Deafening Essence of Spite,-37,-3,5,8,70,8x The Cacophony
Deafening Essence of Contempt,-37,-3,5,8,153,8x The Cacophony
Deafening Essence of Rage,-37,-3,5,8,159,8x The Cacophony
Carcass Jack,-37,-3,5,8,605,8x The Scavenger
Divination Distillate,-37,-3,5,8,449,8x The Drunken Aristocrat
Deafening Essence of Woe,-37,-3,5,8,97,8x The Cacophony
Fragment of Emptiness,-34,-26,50,76,30,4x The Eldritch Decay
Shrieking Essence of Envy,-33,-1,2,3,99,3x Screaming Essence of Envy
Faminebind,-33,-1,2,3,138,3x The Standoff
Deafening Essence of Misery,-33,-1,2,3,254,3x Shrieking Essence of Misery
Shrieking Essence of Wrath,-33,-1,2,3,123,3x Screaming Essence of Wrath
Feastbind,-33,-1,2,3,141,3x The Standoff
Deafening Essence of Scorn,-33,-2,4,6,72,3x Shrieking Essence of Scorn
Shrieking Essence of Spite,-33,-1,2,3,97,3x Screaming Essence of Spite
Shrieking Essence of Scorn,-33,-1,2,3,96,3x Screaming Essence of Scorn
Edge of Madness,-33,-2,4,6,552,6x The Calling
Shrieking Essence of Rage,-33,-1,2,3,132,3x Screaming Essence of Rage
Shrieking Essence of Anger,-33,-1,2,3,186,3x Screaming Essence of Anger
Shrieking Essence of Hatred,-33,-1,2,3,161,3x Screaming Essence of Hatred
Shrieking Essence of Dread,-33,-1,2,3,164,3x Screaming Essence of Dread
Awakened Sextant,-33,-1,2,3,860,3x Monochrome
Deafening Essence of Fear,-33,-2,4,6,106,3x Shrieking Essence of Fear
Shrieking Essence of Contempt,-33,-1,2,3,132,3x Screaming Essence of Contempt
Shrieking Essence of Fear,-33,-1,2,3,172,3x Screaming Essence of Fear
Mortal Grief,-33,-1,2,3,645,3x Sambodhi's Vow
Weeping Essence of Greed,-33,-1,2,3,384,3x Muttering Essence of Greed
Tulfall,-33,0,1,2,170,1x Blessing of Tul
The Enmity Divine,-33,-1,2,3,29,1x First Piece of Brutality
Teal Oil,-33,0,1,1,436,3x Verdant Oil
Deafening Essence of Greed,-31,-2,5,8,59,8x The Cacophony
United in Dream,-29,-5,12,17,30,1x Blessing of Chayula
Voltaxic Rift,-28,-2,5,7,274,7x Tranquillity
Shavronne's Wrappings,-28,-32,80,112,44,8x The Offering
The King's Path,-28,-2,5,7,53,7x The Mad King
Orb of Annulment,-28,-2,5,7,466,7x Demigod's Wager
Maligaro's Virtuosity,-27,-97,255,352,71,1x A Prodigious Hand
The Perfect Form,-25,-1,3,4,136,1x The Snowblind Grace
Deafening Essence of Envy,-25,-2,6,8,57,8x The Cacophony
Atziri's Disfavour,-25,-5,15,20,66,10x The Last One Standing
Deafening Essence of Sorrow,-22,-2,7,9,71,3x Shrieking Essence of Sorrow
Headhunter,-20,-5328,20187,25515,11,10x The Demon
Doryani's Fist,-20,-1,4,5,178,5x Audacity
Tabula Rasa,-16,-3,15,18,997,9x Humility
Tabula Rasa,-16,-3,15,18,997,9x Vanity
Deafening Essence of Rage,-16,-1,5,6,159,3x Shrieking Essence of Rage
Deafening Essence of Contempt,-16,-1,5,6,153,3x Shrieking Essence of Contempt
The Harvest,-16,-1,5,6,60,6x The Calling
The Harvest,-16,-1,5,6,60,3x The Insatiable
Deafening Essence of Spite,-16,-1,5,6,70,3x Shrieking Essence of Spite
Kaom's Roots,-16,-1,5,6,1326,2x The Throne
Deafening Essence of Sorrow,-12,-1,7,8,71,8x The Cacophony
Opalescent Oil,-11,-1,8,9,350,3x Black Oil
Exalted Orb,-11,-18,141,160,178,20x Exalted Shard
Blood of Corruption,-11,-1,8,9,57,9x The Poet
Vaal Orb,-11,0,0,1,447,1x The Corrupt
Deafening Essence of Zeal,-11,-1,8,9,62,3x Shrieking Essence of Zeal
Silver Oil,-8,-2,22,24,216,3x Opalescent Oil
Screaming Essence of Greed,-7,0,2,3,347,3x Wailing Essence of Greed
Le Heup of All,-7,0,10,10,952,6x The One With All
Kaom's Heart,-6,-1,15,16,632,8x The King's Heart
House of Mirrors,-5,-247,3969,4216,20,10x The Immortal
Golden Oil,-4,-3,63,66,252,3x Silver Oil
Exalted Orb,-1,-2,141,144,178,12x The Hoarder
Headhunter,-1,-230,20187,20417,11,8x The Doctor
Tidebreaker,0,0,5,5,41,5x The Deep Ones
Stone of Lazhwar,0,0,1,1,854,1x The Sinner's Stone
Sire of Shards,0,0,1,1,509,1x Heart of the Fire
Thief's Torment,0,0,5,5,948,5x Hope
The Whispering Ice,0,0,1,1,459,1x A Whispered Prayer
Uul-Netol's Embrace,0,0,4,4,51,1x Blessing of Uul-Netol
Deafening Essence of Envy,0,0,6,6,57,3x Shrieking Essence of Envy
Crimson Oil,0,0,3,3,528,3x Violet Oil
Deafening Essence of Zeal,0,0,8,8,62,8x The Cacophony
Storm Cloud,0,0,1,1,599,1x Storm on the Horizon
The Rippling Thoughts,0,0,3,3,66,1x First Piece of the Arcane
Tear of Purity,0,0,1,1,307,1x Custodians of Silence
Death's Harp,0,0,1,1,746,1x The Vanguard
Clayshaper,0,0,1,1,638,1x The Walking Mountain
Storm Prison,0,0,1,1,942,1x The Prison Guard
Twyzel,0,0,1,1,852,1x The Petrified
Meginord's Girdle,0,0,1,1,1179,1x Strong as a Bull
The Screaming Eagle,0,0,1,1,893,1x The Eagle's Cry
The Jeweller's Touch,0,0,5,5,1301,5x The Jeweller's Boon
Crystal Vault,0,0,2,2,8,1x End of the Light
Harbinger's Orb,0,0,3,3,233,3x The Journey
Fox's Fortune,0,0,2,2,7,1x Dark Instincts
Geofri's Baptism,0,0,1,1,388,1x Baptism by Death
Lifesprig,0,0,1,1,1710,1x From Death Springs Life
Karui Ward,0,0,1,1,1945,1x The Ward's Ward
Roth's Reach,0,0,1,1,534,1x Roth's Legacy
Roth's Reach,0,0,1,1,534,1x Against the Tide
Geofri's Devotion,0,0,2,2,6,1x Black Devotion
Wideswing,0,0,1,1,485,1x Fear's Wide Reach
Reverberation Rod,0,0,1,1,725,1x The Lady in Black
Wanderlust,0,0,1,1,1494,1x A Firm Foothold
Infractem,0,0,1,1,457,1x Notched Flesh
Hezmana's Bloodlust,0,0,1,1,208,1x Blood of the Betrayed
Primordial Eminence,0,0,5,5,1259,5x The Primordial
Hand of Wisdom and Action,0,0,3,3,344,1x Hand of Thought and Motion
Headhunter,0,-203,20187,20391,11,11x The Fiend
Sacrifice at Midnight,0,0,1,1,728,1x Day of Sacrifice IV
Lion's Roar,0,0,5,5,979,5x Earth Drinker
Axiom Perpetuum,0,0,1,1,847,1x The Prison Key
Panquetzaliztli,0,0,2,2,4,1x The Fall of an Empire
Mortal Rage,0,0,3,3,205,3x Sambodhi's Vow
Duskblight,0,0,2,2,11,1x Agony at Dusk
Ezomyte Hold,0,0,2,2,8,1x The Bloody Flowers Redux
Daresso's Passion,0,0,1,1,622,1x The Sword King's Passion
The Doctor,2,57,2552,2494,185,8x The Nurse
Bottled Faith,3,112,3331,3218,67,6x Succor of the Sinless
Mirror Shard,4,69,1694,1625,7,13x Seven Years Bad Luck
Dying Sun,5,1,21,20,424,2x The Progeny of Lunaris
The Queen's Sacrifice,9,70,847,776,6,5x Beauty Through Death
Trash to Treasure,10,135,1411,1276,2,9x The Iron Bard
Taste of Hate,11,1,10,9,297,9x The Hunger
Xoph's Blood,11,2,20,18,238,6x Burning Blood
Monstrous Treasure,11,1,10,9,119,9x The Valley of Steel Boxes
Inspired Learning,12,31,283,252,233,6x The Strategist
Enlighten Support,15,46,354,308,159,11x Wealth and Power
Sunspite,16,1,7,6,13,1x Sundance
The Taming,16,15,105,90,36,3x Hunter's Reward
Screaming Essence of Zeal,16,0,3,3,490,3x Wailing Essence of Zeal
Atziri's Acuity,17,126,846,720,13,16x The Queen
Chayula's Pure Breachstone,18,43,283,240,86,8x The Eye of Terror
Fated Connections,18,43,283,240,143,6x Immortal Resolve
Farrul's Fur,19,113,708,595,41,7x Pride of the First Ones
Empower Support,20,36,212,176,252,11x The Dragon's Heart
Berek's Respite,20,12,70,58,71,2x The Spark and the Flame
Screaming Essence of Loathing,21,0,3,3,502,3x Wailing Essence of Loathing
The Surrender,22,76,423,346,53,1x The Anticipation
Starforge,23,54,283,229,92,8x The World Eater
The Tempest's Binding,25,2,10,8,79,1x First Piece of Storms
Choir of the Storm,25,1,5,4,89,1x Voice of the Storm
Agnerod South,25,1,5,4,291,4x The Stormcaller
Agnerod West,25,1,5,4,270,4x The Stormcaller
Agnerod North,25,1,5,4,265,4x The Stormcaller
Voll's Devotion,25,2,10,8,63,8x The Brittle Emperor
Atziri's Reflection,25,215,1063,848,16,1x The Queen's Sacrifice
Alpha's Howl,25,3,15,12,1386,6x The Pack Leader
Agnerod East,25,1,5,4,291,4x The Stormcaller
Starforge,26,59,283,224,92,8x The World Eater
Seven-League Step,29,25,110,85,95,5x The Escape
Arborix,29,14,65,50,12,1x Grelwood Shank
Shrieking Essence of Woe,33,1,4,3,401,3x Screaming Essence of Woe
Mortal Hope,33,1,4,3,516,3x Sambodhi's Vow
Screaming Essence of Sorrow,33,1,4,3,551,3x Wailing Essence of Sorrow
The Poet's Pen,33,3,12,9,188,9x A Dab of Ink
Kintsugi,33,1,4,3,531,1x Deadly Rivalry V
The Fracturing Spinner,33,1,4,3,53,1x First Piece of Directions
Mortal Hope,33,1,4,3,516,3x Last Hope
Atziri's Reflection,34,270,1063,792,16,5x Beauty Through Death
The Taming,34,27,105,78,36,1x Berek's Respite
The Red Nightmare,35,30,115,85,32,1x The Red Dream
The Pandemonius,40,29,100,71,212,1x The Halcyon
Devoto's Devotion,40,2,7,5,1366,5x The Gladiator
Rumi's Concoction,40,2,7,5,397,5x Earth Drinker
Primordial Might,40,2,7,5,347,5x The Primordial
Enlighten Support,42,18,60,42,77,6x The Enlightened
The Green Nightmare,42,21,70,49,53,1x The Green Dream
Deafening Essence of Loathing,46,7,22,15,28,3x Shrieking Essence of Loathing
Kingmaker,48,13,42,28,20,1x Soul Taker
Chaber Cairn,50,1,3,2,6,1x Faith Exhumed
The Formless Inferno,50,1,3,2,155,1x Blessing of Xoph
Cragfall,50,1,3,2,10,1x Heavy Blows
Amplification Rod,50,1,3,2,9,1x Power Magnified
Shavronne's Gambit,50,1,3,2,7,1x The Flow of Energy
The Tempest,50,5,15,10,13,1x The Jeweller's Touch
Kaltensoul,50,1,3,2,12,1x The Snuffed Flame
Rigwald's Quills,50,20,60,40,49,8x The Wolven King's Bite
Martyr's Crown,50,1,3,2,13,1x Pleasure and Pain
Belly of the Beast,50,1,3,2,393,1x Flesh of the Beast
Rigwald's Curse,50,16,48,32,84,8x The Cursed King
Wildwrap,54,6,17,11,7,1x Last of the Wildmen
Astramentis,66,10,25,15,514,3x The Polymath
The Red Trail,66,2,5,3,172,1x Blessing of Uul-Netol
The Blue Nightmare,68,17,42,25,21,1x Blessing of Chayula
Presence of Chayula,75,15,35,20,349,1x Blessing of Chayula
The Anima Stone,81,18,40,22,47,1x Primordial Harmony
Enhance Support,81,18,40,22,201,11x The Artist
Soul Ripper,85,194,422,228,9,6x The Damned
Duskdawn,85,20,45,24,5,1x Shade of Solaris
Bisco's Collar,87,7,15,8,239,4x The Master
Moonbender's Wing,88,0,1,0,386,1x Storm on the Reef
Astramentis,92,12,25,13,514,1x Lost in the Pages
Unending Hunger,100,20,40,20,60,4x The Craving
Voidheart,100,2,4,2,13,1x From The Void
Mirebough,100,2,4,2,14,1x Trapped in the Tower
Realm Ender,100,2,4,2,11,1x The Beginning and the End
Hrimnor's Dirge,100,2,4,2,6,1x Winter's Mournful Melodies
Primordial Harmony,100,5,10,5,887,5x The Primordial
Skin of the Lords,100,10,20,10,334,5x The Chosen
Rat's Nest,100,1,2,1,283,1x The Nest
Fragment of Shape,110,84,160,76,16,4x The Eldritch Decay
Tabula Rasa,114,8,15,7,997,1x Cleanser of Sins
Frostferno,120,6,11,5,60,1x A Vision of Ice and Fire
Fragment of Knowledge,123,94,170,76,46,4x The Eldritch Decay
Mortal Ignorance,133,4,7,3,138,3x Sambodhi's Vow
Death's Opus,136,15,26,11,17,1x The Bowstring's Music
Windripper,140,11,20,8,73,7x The Wind
Sanguine Gambol,150,3,5,2,11,1x Crimson Hues
The Unshattered Will,150,30,50,20,66,1x First Piece of Focus
Atziri's Foible,150,3,5,2,1502,1x The Soulless Beast
Silverbough,150,6,10,4,11,1x The Silverwood
Asenath's Chant,150,24,40,16,56,1x Song of the Sekhema
Eye of Chayula,150,3,5,2,307,1x The Watcher's Watcher
Albino Rhoa Feather,150,24,40,16,11,4x The Fishmonger
The Gryphon,150,9,15,6,3,1x The Apex Predator
Xoph's Blood,150,12,20,8,238,1x Xoph's Heart
Ngamahu Tiki,150,3,5,2,30,1x A Forest of False Idols
Xoph's Nurture,150,3,5,2,278,1x Blessing of Xoph
Malachai's Awakening,150,3,5,2,7,1x The Nightmare Awakens
Deafening Essence of Loathing,175,14,22,8,28,8x The Cacophony
Saqawal's Nest,187,69,106,37,12,1x Saqawine Rhex
Winterweave,192,3,6,2,13,1x Cold Blooded Fury
Queen's Escape,200,8,12,4,16,1x The Misunderstood Queen
Goldrim,200,2,3,1,765,1x Graceful Flames
Drillneck,200,2,3,1,562,1x The Last Watch
The Tempest,200,10,15,5,13,1x The Servant's Heart
Doomfletch's Prism,200,6,9,3,26,1x Ancient Doom
The Bringer of Rain,200,2,3,1,607,1x Blood in the Eyes
Magna Eclipsis,204,16,25,8,29,1x Vix Lunaris
The Vinktar Square,215,43,63,20,7,1x Agnerod North
Karui Charge,233,7,10,3,16,1x The Karui Rebellion
Kaom's Way,233,14,20,6,58,1x The King's Path
The Cauteriser,233,7,10,3,10,1x Severed Limbs
Windshriek,233,35,50,15,15,1x Darktongue's Shriek
Wall of Brambles,233,7,10,3,8,1x The King and the Brambles
Facebreaker,243,3,5,1,3206,1x The Brutal Enforcer
Dreadsurge,250,5,7,2,3,1x Burning Dread
The Stormwall,250,5,7,2,3,1x The Storm Spire
Farrul's Fur,254,254,354,100,41,1x Farric Tiger Alpha
The Retch,256,10,15,4,16,1x Feastbind
Deidbellow,275,11,15,4,37,1x Dying Cry
Singularity,279,2,3,1,404,1x Abnormal Effulgence
Timetwist,300,6,8,2,7,1x A Rift in Time
The Signal Fire,300,18,24,6,47,1x Fire and Brimstone
Winds of Change,300,3,4,1,40,1x The Lost Undying
The Nomad,300,18,24,6,16,1x The Great Leader of the North
Inya's Key,300,6,8,2,104,1x Unbearable Whispers V
Hrimburn,300,15,20,5,31,1x Fire and Ice
Cameria's Avarice,300,6,8,2,14,1x Cold Greed
Doedre's Malevolence,300,15,20,5,48,1x The Malevolent Witch
Rainbowstride,300,3,4,1,381,1x Weeping Death
The Effigon,316,19,25,6,29,1x Blind Faith
The Oak,350,7,9,2,16,1x Nature's Resilience
Eber's Key,376,5,7,1,87,1x The Plaguemaw V
Yriel's Key,400,8,10,2,39,1x The Feral Lord V
Bino's Kitchen Knife,400,4,5,1,490,1x The Flayed Man
Marohi Erqi,400,4,5,1,13,"1x Fire, Wood and Stone"
The Tactician,400,16,20,4,20,1x The Great Mind of the North
Voltaxic Rift,400,4,5,1,274,1x A Call into the Void
Volkuur's Key,400,8,10,2,106,1x The Unbreathing Queen V
Geofri's Legacy,400,12,15,3,24,1x The Bishop's Legacy
Pledge of Hands,400,4,5,1,89,1x The Hollow Pledge
Greedtrap,450,18,22,4,9,1x Greed's Folly
Whakatutuki o Matua,480,24,29,5,25,1x The Mentor
Dreadbeak,500,15,18,3,18,1x The Dreaded Rhoa
Windripper,566,17,20,3,73,1x Wind and Thunder
The Iron Fortress,566,17,20,3,6,1x Battle Hardened
The Dancing Duo,575,23,27,4,6,1x Dance of Steel
Corona Solaris,715,21,25,3,4,1x Blinding Light
The Ascetic,900,36,40,4,39,1x The Ambitious Bandit III
Ascent From Flesh,900,9,10,1,110,1x Thaumaturgical History IV
The Flow Untethered,1400,28,30,2,357,1x First Piece of Time
